{"is_source_file": true, "format": "bash", "description": "This is a shell script designed to detect and perform backups of various database types (SQLite, PostgreSQL, MySQL, MongoDB). It checks if specific database services are running and then executes the appropriate backup commands, saving backups to designated files.", "external_files": ["/usr/lib/postgresql/", "/var/run/mysqld/mysqld.sock"], "external_methods": ["ls", "[ -f ]", "echo", "cp", "head", "ls", "sudo -u postgres pg_isready", "pg_dump", "mysqladmin", "mysql", "mysqldump", "mongosh", "mongodump"], "published": [], "classes": [], "methods": [], "calls": ["ls", "[ -f ${DB_NAME} ]", "sudo -u postgres pg_isready", "pg_dump", "mysqladmin ping", "mysql", "mysqldump", "mongosh", "mongodump"], "search-terms": ["backup_db.sh", "database backup", "PostgreSQL backup", "MySQL backup", "MongoDB backup", "detect database", "shell script"], "state": 2, "file_id": 7, "knowledge_revision": 13, "git_revision": "84c36fe5dff3f80986cd951f8df446689ffb8c45", "hash": "7af9aa35fa4940f934d83f6e2621b732", "format-version": 4, "code-base-name": "database_postgresql", "filename": "database_postgresql/backup_db.sh", "revision_history": [{"13": "84c36fe5dff3f80986cd951f8df446689ffb8c45"}]}