{"is_source_file": true, "format": "bash", "description": "A startup script for initializing and managing a PostgreSQL database server instance, including checks for existing servers, initialization, creation of database and user, permission setup, and environment configuration.", "external_files": ["/usr/lib/postgresql/", "/var/lib/postgresql/data", "db_visualizer/postgres.env", "db_connection.txt"], "external_methods": ["ls", "sudo", "pg_isready", "psql", "pgrep", "initdb", "createdb"], "published": ["db_connection.txt", "db_visualizer/postgres.env"], "classes": [], "methods": [], "calls": ["ls /usr/lib/postgresql/", "sudo -u postgres ${PG_BIN}/pg_isready -p ${DB_PORT}", "sudo -u postgres ${PG_BIN}/psql -p ${DB_PORT} -d ${DB_NAME} -c '\\q'", "pgrep -f \"postgres.*-p ${DB_PORT}\"", "sudo -u postgres ${PG_BIN}/initdb -D /var/lib/postgresql/data", "sudo -u postgres ${PG_BIN}/postgres -D /var/lib/postgresql/data -p ${DB_PORT}", "sudo -u postgres ${PG_BIN}/createdb -p ${DB_PORT} ${DB_NAME}", "sudo -u postgres ${PG_BIN}/psql -p ${DB_PORT} -d postgres", "sudo -u postgres ${PG_BIN}/psql -p ${DB_PORT} -d ${DB_NAME}"], "search-terms": ["PostgreSQL startup script", "database initialization", "database setup", "permission configuration", "postgresql version detection", "database connection string", "environment variable setup"], "state": 2, "file_id": 2, "knowledge_revision": 11, "git_revision": "84c36fe5dff3f80986cd951f8df446689ffb8c45", "hash": "fa2aa67ea0a7c72f7c0958282f15a864", "format-version": 4, "code-base-name": "database_postgresql", "filename": "database_postgresql/startup.sh", "revision_history": [{"11": "84c36fe5dff3f80986cd951f8df446689ffb8c45"}]}