{"is_source_file": false, "format": "", "description": "", "external_files": [], "external_methods": [], "published": [], "classes": [], "methods": [], "calls": [], "search-terms": [], "state": 2, "file_id": 3, "knowledge_revision": 10, "git_revision": "84c36fe5dff3f80986cd951f8df446689ffb8c45", "hash": "0c9f36dfd1a6dee9fa952c06ab7d9563", "format-version": 4, "code-base-name": "database_postgresql", "filename": "database_postgresql/db_visualizer/package.json", "revision_history": [{"10": "84c36fe5dff3f80986cd951f8df446689ffb8c45"}]}