{"is_source_file": true, "format": "bash", "description": "A shell script to automatically detect backup type and restore a database (SQLite, PostgreSQL, MySQL, MongoDB). It checks for specific backup files and database availability before executing the restore commands.", "external_files": ["database_backup.db", "database_backup.sql", "database_backup.archive"], "external_methods": ["ls", "cp", "sudo -u postgres pg_isready", "psql", "mysqladmin", "mysql", "mongosh", "mongorestore"], "published": [], "classes": [], "methods": [], "calls": ["ls", "cp", "sudo -u postgres pg_isready", "psql", "mysqladmin ping", "mysql", "mongosh --eval \"db.adminCommand('ping')\"", "mongorestore"], "search-terms": ["restore_db.sh", "database restore script", "PostgreSQL", "MySQL", "MongoDB", "backup detection", "database restoration"], "state": 2, "file_id": 6, "knowledge_revision": 12, "git_revision": "84c36fe5dff3f80986cd951f8df446689ffb8c45", "hash": "67505395c0df4c9c001ab8f47571f3fb", "format-version": 4, "code-base-name": "database_postgresql", "filename": "database_postgresql/restore_db.sh", "revision_history": [{"12": "84c36fe5dff3f80986cd951f8df446689ffb8c45"}]}