{"is_source_file": true, "format": "HTML/JavaScript", "description": "This file provides a frontend web interface for exploring PostgreSQL databases, listing databases and tables, and displaying table data dynamically with features like expandable cells, loading states, and error handling.", "external_files": [], "external_methods": ["fetch", "encodeURIComponent", "decodeURIComponent"], "published": [], "classes": [], "methods": [{"name": "loadDatabases", "description": "Fetches the list of available databases from the server and populates the sidebar."}, {"name": "refreshDatabases", "description": "Refreshes the list of databases by reloading from the server."}, {"name": "toggleDatabase", "description": "Expands or collapses the database to show or hide its tables."}, {"name": "loadTables", "description": "Fetches tables for a selected database and displays them."}, {"name": "loadTableData", "description": "Fetches data for a selected table and renders it in a table."}, {"name": "renderTable", "description": "Creates an HTML table from data and inserts into container."}, {"name": "renderCell", "description": "Generates HTML for a cell, handling nulls, objects, and long strings."}, {"name": "expandCell", "description": "Expands or collapses cell content for long text or objects."}], "calls": ["fetchData('/api/databases')", "fetchData(`/api/${db}/tables`)", "fetchData(`/api/${db}/tables/${tableName}/data?limit=50`)", "showLoading()", "showError()", "showEmptyState()", "setActiveState()", "encodeURIComponent()", "decodeURIComponent()"], "search-terms": ["Database Viewer", "PostgreSQL front end", "database exploration", "table data viewer", "expandable cells", "AJAX fetch", "dynamic HTML table"], "state": 2, "file_id": 5, "knowledge_revision": 14, "git_revision": "84c36fe5dff3f80986cd951f8df446689ffb8c45", "hash": "ee63333a4841bf025439c755a74c9881", "format-version": 4, "code-base-name": "database_postgresql", "filename": "database_postgresql/db_visualizer/public/index.html", "revision_history": [{"14": "84c36fe5dff3f80986cd951f8df446689ffb8c45"}]}